<?xml version="1.0" encoding="utf-8" ?>
<Defs>

	<HediffDef Name="BloodBoosterBase" Abstract="True">
		<hediffClass>HediffWithComps</hediffClass>
		<defaultLabelColor>(0.7, 1.0, 0.7)</defaultLabelColor>
		<maxSeverity>1.0</maxSeverity>
		<isBad>false</isBad>
		<comps>
			<li Class="HediffCompProperties_SeverityPerDay">
				<severityPerDay>-1</severityPerDay>
			</li>
		</comps>
	</HediffDef>
	
	
	<HediffDef ParentName="BloodBoosterBase">
		<defName>ImmuneBooster_Hediff</defName>
		<label>immune booster</label>
		<description>immune boost from antibodies</description>
		<stages>
			<li>
				<statOffsets>
					<ImmunityGainSpeed>0.3</ImmunityGainSpeed>
				</statOffsets>
			</li>
		</stages>
	</HediffDef>


	<HediffDef ParentName="BloodBoosterBase">
		<defName>HealBooster_Hediff</defName>
		<label>healing booster</label>
		<description>healing boost from platelets and plasma</description>
		<comps>
			<li Class="BloodBank.HediffCompProperties_HealFactor">
				<healFactor>2</healFactor>
			</li>
		</comps>
	</HediffDef>


	<HediffDef ParentName="BloodBoosterBase">
		<defName>PerformanceBooster_Hediff</defName>
		<label>performance booster</label>
		<description>performance boost from hormones</description>
		<stages>
			<li>
				<painFactor>-0.2</painFactor>
				<capMods>
					<li>
						<capacity>BloodPumping</capacity>
						<offset>0.2</offset>
					</li>
					<li>
						<capacity>Breathing</capacity>
						<offset>0.2</offset>
					</li>
					<li>
						<capacity>Manipulation</capacity>
						<offset>0.2</offset>
					</li>
				</capMods>
			</li>
		</stages>
	</HediffDef>
</Defs>