﻿<?xml version="1.0" encoding="utf-8" ?>
<Defs>
	<ThingCategoryDef>
		<defName>Blood</defName>
		<label>blood</label>
		<parent>Drugs</parent>
		<iconPath>UI/Icons/Medical/Bleeding</iconPath>
	</ThingCategoryDef>
	
	<ThingCategoryDef>
		<defName>RawBlood</defName>
		<label>raw blood</label>
		<parent>Blood</parent>
		<iconPath>Things/Mote/BattleSymbols/Blood</iconPath>
	</ThingCategoryDef>

	<ThingCategoryDef>
		<defName>BloodProducts</defName>
		<label>blood products</label>
		<parent>Blood</parent>
		<iconPath>UI/Icons/ThingCategories/Drugs</iconPath>
	</ThingCategoryDef>
</Defs>
