﻿<?xml version="1.0" encoding="utf-8"?>
<ModMetaData>
	<name>Blood Bank</name>
	<author>MakeItSo</author>
	<packageId>MakeItSo.BloodBank</packageId>
	<url>https://github.com/AnthonyChenevier/BloodBank</url>
	<supportedVersions>
		<li>1.0</li>
		<li>1.1</li>
	</supportedVersions>
	<modDependencies>
		<li>
			<packageId>brrainz.harmony</packageId>
			<displayName>Harmony</displayName>
			<steamWorkshopUrl>steam://url/CommunityFilePage/2009463077</steamWorkshopUrl>
			<downloadUrl>https://github.com/pardeike/HarmonyRimWorld/releases/latest</downloadUrl>
		</li>
	</modDependencies>
  <loadAfter>
    <li>erdelf.humanoidalienraces</li>
  </loadAfter>
	<description>
Adds a few blood related items, recipes and research to allow your colonists to give and take blood to combat the effects of blood loss.

Also provides a number of refined blood products to boost pawn immunity, healing and performance.

See the workshop page for more details.
	</description>
</ModMetaData>
