<?xml version="1.0" encoding="utf-8" ?>
<Defs>

  <RecipeDef Name="SurgeryGiveBoosterBase" Abstract="True">
    <workerClass>BloodBank.Recipe_AdministerBloodProduct</workerClass>
    <anesthetize>false</anesthetize>
    <targetsBodyPart>false</targetsBodyPart>
    <workAmount>400</workAmount>
    <skillRequirements>
      <Medicine>4</Medicine>
    </skillRequirements>
    <dontShowIfAnyIngredientMissing>true</dontShowIfAnyIngredientMissing>
    <surgerySuccessChanceFactor>99999</surgerySuccessChanceFactor>
  </RecipeDef>



	<!--These defs are functionally abstract and are only 
	used to populate the race-specific operations with
	default values in code. If there is a way I can import 
	actual abstract XML def data into the code natively without 
	C# object overhead that would be great. This keeps the whole 
	family of recipies centralized, modifiable with patches and somewhat manageable-->
	<RecipeDef>
		<defName>TakeBlood</defName>
		<label>draw blood</label>
		<description>Draw a small amount of blood from the patient and store in a blood pack.</description>
		<workerClass>BloodBank.Recipe_TakeBlood</workerClass>
		<jobString>Drawing unit of blood from TargetA.</jobString>
		<anesthetize>false</anesthetize>
		<isViolation>true</isViolation>
		<targetsBodyPart>false</targetsBodyPart>
		<researchPrerequisite>BloodTransfusion</researchPrerequisite>
		<workAmount>800</workAmount>
    <workSkill>Medicine</workSkill>
		<skillRequirements>
			<Medicine>4</Medicine>
		</skillRequirements> 
		<surgerySuccessChanceFactor>99999</surgerySuccessChanceFactor>
	</RecipeDef>

	<RecipeDef>
		<defName>GiveBlood</defName>
		<label>give blood transfusion</label>
		<description>Administer blood transfusion to the patient from a blood pack.</description>
		<workerClass>BloodBank.Recipe_AdministerBloodTransfusion</workerClass>
		<jobString>Giving blood transfusion to TargetA.</jobString>
		<anesthetize>false</anesthetize>
		<targetsBodyPart>false</targetsBodyPart>
		<workAmount>400</workAmount>
    <workSkill>Medicine</workSkill>
		<skillRequirements>
			<Medicine>4</Medicine>
		</skillRequirements>
		<dontShowIfAnyIngredientMissing>true</dontShowIfAnyIngredientMissing>
		<surgerySuccessChanceFactor>99999</surgerySuccessChanceFactor>
	</RecipeDef>
</Defs>