﻿<?xml version="1.0" encoding="utf-8" ?>
<Defs>	
	<ResearchTabDef>
		<defName>BloodBankResearch</defName>
		<label>Blood Bank</label>
	</ResearchTabDef>

	<ResearchProjectDef>
		<defName>BloodTransfusion</defName>
		<label>blood transfusions</label>
		<description>Safely draw and transfuse blood from any organic creature to mitigate blood loss.</description>
		<baseCost>500</baseCost>
		<techLevel>Medieval</techLevel>
		<tab>BloodBankResearch</tab>
		<researchViewX>0</researchViewX>
		<researchViewY>0</researchViewY>
	</ResearchProjectDef>


  <!--====== Drugs ======-->

	<ResearchProjectDef>
		<defName>BloodRefining</defName>
		<label>refined blood products</label>
		<description>Refine human blood to extract useful compounds.</description>
		<baseCost>1000</baseCost>
		<techLevel>Industrial</techLevel>
		<tab>BloodBankResearch</tab>
		<prerequisites>
			<li>DrugProduction</li>
			<li>BloodTransfusion</li>
		</prerequisites>
		<researchViewX>1</researchViewX>
		<researchViewY>0</researchViewY>
	</ResearchProjectDef>

</Defs>

